timestamp_utc,name,cpu_percent,memory_usage,network_io,block_io
2026-10-10T04:03:11.8573732Z,wave52-final-closure-gateway-1,50.80%,74.99MiB / 15.23GiB,3.07MB / 5.86MB,1.19MB / 0B
2026-10-10T04:03:23.5261669Z,wave52-final-closure-gateway-1,21.24%,75.08MiB / 15.23GiB,4.01MB / 7.65MB,1.19MB / 0B
2026-10-10T04:03:35.5161892Z,wave52-final-closure-gateway-1,42.88%,75.33MiB / 15.23GiB,5MB / 9.54MB,1.19MB / 0B
2026-10-10T04:03:47.5151162Z,wave52-final-closure-gateway-1,60.13%,75.4MiB / 15.23GiB,5.88MB / 11.2MB,1.19MB / 0B
2026-10-10T04:03:59.1872623Z,wave52-final-closure-gateway-1,21.46%,75.14MiB / 15.23GiB,6.82MB / 13MB,1.19MB / 0B
2026-10-10T04:04:10.8255915Z,wave52-final-closure-gateway-1,42.49%,75.14MiB / 15.23GiB,7.75MB / 14.8MB,1.19MB / 0B
2026-10-10T04:04:22.4266381Z,wave52-final-closure-gateway-1,34.14%,75.4MiB / 15.23GiB,8.73MB / 16.7MB,1.19MB / 0B
2026-10-10T04:04:34.0791113Z,wave52-final-closure-gateway-1,42.17%,75.52MiB / 15.23GiB,9.78MB / 18.7MB,1.19MB / 0B
2026-10-10T04:04:46.5917058Z,wave52-final-closure-gateway-1,132.60%,76.71MiB / 15.23GiB,12.9MB / 24.5MB,1.19MB / 0B
2026-10-10T04:04:58.5712486Z,wave52-final-closure-gateway-1,131.63%,79.48MiB / 15.23GiB,16.8MB / 31.9MB,1.19MB / 0B
2026-10-10T04:05:10.2071460Z,wave52-final-closure-gateway-1,152.49%,90.55MiB / 15.23GiB,19.8MB / 37.5MB,1.19MB / 0B
2026-10-10T04:05:21.8479474Z,wave52-final-closure-gateway-1,148.02%,77.55MiB / 15.23GiB,23.3MB / 44.2MB,1.19MB / 0B
2026-10-10T04:05:33.4825565Z,wave52-final-closure-gateway-1,126.96%,77.32MiB / 15.23GiB,27.4MB / 51.8MB,1.19MB / 0B
2026-10-10T04:05:45.7325502Z,wave52-final-closure-gateway-1,150.15%,77.78MiB / 15.23GiB,31.5MB / 59.6MB,1.19MB / 0B
2026-10-10T04:05:57.8406314Z,wave52-final-closure-gateway-1,153.25%,77.73MiB / 15.23GiB,35.1MB / 66.3MB,1.19MB / 0B
2026-10-10T04:06:09.4897972Z,wave52-final-closure-gateway-1,132.51%,78.15MiB / 15.23GiB,38.7MB / 73.2MB,1.19MB / 0B
2026-10-10T04:06:21.1743412Z,wave52-final-closure-gateway-1,130.79%,78.13MiB / 15.23GiB,42.4MB / 80.2MB,1.19MB / 0B
2026-10-10T04:06:32.8323546Z,wave52-final-closure-gateway-1,163.40%,77.6MiB / 15.23GiB,46.4MB / 87.7MB,1.19MB / 0B
2026-10-10T04:06:44.5154068Z,wave52-final-closure-gateway-1,50.14%,77.97MiB / 15.23GiB,49.7MB / 93.9MB,1.19MB / 0B
2026-10-10T04:06:56.9528906Z,wave52-final-closure-gateway-1,96.52%,78.35MiB / 15.23GiB,52.6MB / 99MB,1.19MB / 0B
2026-10-10T04:07:08.8903948Z,wave52-final-closure-gateway-1,141.46%,77.75MiB / 15.23GiB,56.3MB / 106MB,1.19MB / 0B
2026-10-10T04:07:20.5671204Z,wave52-final-closure-gateway-1,131.09%,78.15MiB / 15.23GiB,59.8MB / 112MB,1.19MB / 0B
2026-10-10T04:07:32.2608533Z,wave52-final-closure-gateway-1,172.44%,91.19MiB / 15.23GiB,63.7MB / 119MB,1.19MB / 0B
2026-10-10T04:07:43.9144069Z,wave52-final-closure-gateway-1,148.00%,78.09MiB / 15.23GiB,67.2MB / 125MB,1.19MB / 0B
2026-10-10T04:07:55.8124915Z,wave52-final-closure-gateway-1,128.31%,78.24MiB / 15.23GiB,71.6MB / 133MB,1.19MB / 0B
2026-10-10T04:08:07.7179466Z,wave52-final-closure-gateway-1,149.37%,78.46MiB / 15.23GiB,76.1MB / 142MB,1.19MB / 0B
2026-10-10T04:08:19.3721522Z,wave52-final-closure-gateway-1,136.92%,78.74MiB / 15.23GiB,80.2MB / 149MB,1.19MB / 0B
2026-10-10T04:08:30.9901788Z,wave52-final-closure-gateway-1,107.72%,78.24MiB / 15.23GiB,83.2MB / 154MB,1.19MB / 0B
2026-10-10T04:08:42.7103944Z,wave52-final-closure-gateway-1,138.27%,77.82MiB / 15.23GiB,86.9MB / 161MB,1.19MB / 0B
2026-10-10T04:08:54.3801325Z,wave52-final-closure-gateway-1,135.72%,78.25MiB / 15.23GiB,90.1MB / 167MB,1.19MB / 0B
2026-10-10T04:09:06.9994000Z,wave52-final-closure-gateway-1,173.18%,89.38MiB / 15.23GiB,93.7MB / 173MB,1.19MB / 0B
2026-10-10T04:09:18.6533315Z,wave52-final-closure-gateway-1,129.13%,79.82MiB / 15.23GiB,97MB / 178MB,1.19MB / 0B
2026-10-10T04:09:30.2931353Z,wave52-final-closure-gateway-1,130.39%,79.33MiB / 15.23GiB,100MB / 184MB,1.19MB / 0B
2026-10-10T04:09:41.9399368Z,wave52-final-closure-gateway-1,43.68%,78.42MiB / 15.23GiB,104MB / 190MB,1.19MB / 0B
2026-10-10T04:09:53.5915873Z,wave52-final-closure-gateway-1,148.74%,79.62MiB / 15.23GiB,108MB / 195MB,1.19MB / 0B
2026-10-10T04:10:06.2356469Z,wave52-final-closure-gateway-1,119.18%,79.46MiB / 15.23GiB,111MB / 200MB,1.19MB / 0B
2026-10-10T04:10:19.2417473Z,wave52-final-closure-gateway-1,121.18%,78.98MiB / 15.23GiB,113MB / 204MB,1.19MB / 0B
2026-10-10T04:10:31.8754269Z,wave52-final-closure-gateway-1,128.20%,80.21MiB / 15.23GiB,116MB / 209MB,1.19MB / 0B
2026-10-10T04:10:44.0035120Z,wave52-final-closure-gateway-1,155.06%,80.55MiB / 15.23GiB,118MB / 213MB,1.19MB / 0B
2026-10-10T04:10:55.8667298Z,wave52-final-closure-gateway-1,89.97%,79.01MiB / 15.23GiB,121MB / 217MB,1.19MB / 0B
2026-10-10T04:11:08.2274442Z,wave52-final-closure-gateway-1,187.54%,79.43MiB / 15.23GiB,123MB / 220MB,1.19MB / 0B
2026-10-10T04:11:19.8892498Z,wave52-final-closure-gateway-1,0.84%,78.33MiB / 15.23GiB,125MB / 222MB,1.19MB / 0B
