"Concurrency","Repetition","Requests","Success","SuccessRate","RPS","P50ms","P95ms","P99ms","Errors"
"1","1","308","308","1","10.208","94","125","125","{}"
"1","2","296","296","1","9.841","94","125","141","{}"
"1","3","308","308","1","10.192","94","110","140","{}"
"8","1","1120","1120","1","36.853","188","312","375","{}"
"8","2","1184","1184","1","39.04","187","265","313","{}"
"8","3","1184","1184","1","38.799","187","266","328","{}"
"32","1","1152","1061","0.921007","38.38","766","1125","1328","{""database_unavailable"":65,""stream_finalization_unknown"":26}"
"32","2","1408","1381","0.980824","44","672","937","1062","{""stream_finalization_unknown"":17,""database_unavailable"":10}"
"32","3","1152","925","0.802951","36.625","828","1203","1343","{""stream_finalization_unknown"":62,""database_unavailable"":165}"
"64","1","2048","746","0.364258","65.899","797","1562","1968","{""stream_finalization_unknown"":120,""database_unavailable"":1182}"
"64","2","1792","578","0.322545","56.028","890","2016","2672","{""stream_finalization_unknown"":118,""database_unavailable"":1096}"
"64","3","1536","483","0.314453","44.301","1032","2407","5516","{""database_unavailable"":956,""stream_finalization_unknown"":97}"
