sequence,started_at,request_id,status_code,latency_ms,client_queue_wait_ms,provider,provider_duration_ms,gateway_overhead_ms,provider_attempts,provider_request_ids,retry_count,cache_hit,estimated_cost_usd,error_code,input_tokens_target,output_tokens_target
0,2026-10-05T17:12:17.279178+00:00,f19b99a5e47340bcb24d2aa9ced3fcae,200,750.0,0.0,deepseek,719,31.0,1,['faaf7d2d-ab6f-4e8e-91fc-022a294f7a53'],0,False,5e-05,,128,16
1,2026-10-05T17:12:18.032524+00:00,cb202d09133f4222b00609619c40c42e,200,422.0,750.0,deepseek,421,1.0,1,['c92ddc27-71f4-4c6f-bcb4-cb15853e6c08'],0,False,8.9e-05,,8,64
2,2026-10-05T17:12:18.458095+00:00,5fa55d7437cf40139c1b2381f118179a,200,765.0,1172.0,deepseek,734,31.0,1,['109c2393-d752-45ec-878d-a4be798572a1'],0,False,3.2e-05,,8,16
3,2026-10-05T17:12:19.214924+00:00,1efc38e0e7c04d728f8106d2aa96647c,200,344.0,1937.0,deepseek,327,17.0,1,['d2deb47e-31ea-484c-abcf-91ee6657adf7'],0,False,3.2e-05,,8,16
4,2026-10-05T17:12:19.559606+00:00,c7c97dc3d3bc4fb6954fad6b3fa0e514,200,391.0,0.0,deepseek,375,16.0,1,['dd6657f3-797a-4bad-843e-dab54111a174'],0,False,5e-05,,128,16
5,2026-10-05T17:12:19.949334+00:00,9f01fb3014094616ad772d8e6acc90d9,200,968.0,391.0,deepseek,953,15.0,1,['fa85edb2-05b8-439d-b148-969a21025b88'],0,False,0.000108,,128,64
6,2026-10-05T17:12:20.919279+00:00,8eb4828ea5324e2ca9b2796f2f0751e5,200,813.0,1359.0,deepseek,812,1.0,1,['8d03995b-c137-4445-b923-de8f222cd2b0'],0,False,3.2e-05,,8,16
7,2026-10-05T17:12:21.740625+00:00,de50b6133f23436fba228c6c477ebc84,200,422.0,2172.0,deepseek,391,31.0,1,['87643b4a-d728-4e44-9d2f-7b6dfaaa8a80'],0,False,3.2e-05,,8,16
8,2026-10-05T17:12:22.159534+00:00,cc492e94bd7a4e41b8db569addca0e6d,200,375.0,0.0,deepseek,344,31.0,1,['9338d5b3-5d6f-4743-8536-06fc595ad5b6'],0,False,3.2e-05,,8,16
9,2026-10-05T17:12:22.529574+00:00,e99fbe012f6c4faa8ff9df6d0724032b,200,765.0,375.0,deepseek,750,15.0,1,['8600fe9f-b2b4-42fe-82b2-b417796973a2'],0,False,5e-05,,128,16
10,2026-10-05T17:12:23.294558+00:00,f2333e39d4ed4159b77424c87dfd1d11,200,1000.0,1140.0,deepseek,985,15.0,1,['74c80d32-6635-4927-b146-f0cfab496e0c'],0,False,0.000107,,128,64
11,2026-10-05T17:12:24.291927+00:00,5f9a74e9acb144b3ab0d2668210eaeb9,200,657.0,2140.0,deepseek,641,16.0,1,['89bc5342-aaaa-495f-acaf-4ae92b530bad'],0,False,8.9e-05,,8,64
12,2026-10-05T17:12:24.952231+00:00,2e3903c74e0a458990993a0f62ebb9ed,200,656.0,0.0,deepseek,640,16.0,1,['1923e907-1bdf-4152-b356-58d0a73452b5'],0,False,0.000107,,128,64
13,2026-10-05T17:12:25.613336+00:00,6fece7894ea147a4990164220d1a7fb3,200,703.0,656.0,deepseek,671,32.0,1,['811604fe-34da-4671-b03f-41a3939757ec'],0,False,3.2e-05,,8,16
14,2026-10-05T17:12:26.307559+00:00,ca4e7a6adce44223b69342ea26fc7790,200,797.0,1359.0,deepseek,796,1.0,1,['8f73d45c-b5cb-4859-887d-ed62f455ff7a'],0,False,0.000107,,128,64
15,2026-10-05T17:12:27.115111+00:00,6ce9714c1e0448498a8636fb4c86510a,200,1031.0,2156.0,deepseek,1000,31.0,1,['3163fd48-40ea-49d4-912b-3fed034bb0c2'],0,False,9.3e-05,,32,64
16,2026-10-05T17:12:28.135326+00:00,3917ff410dd944f08e83d99fd9a06abe,200,781.0,0.0,deepseek,766,15.0,1,['3e66e4ca-5599-4391-b669-4ca6512fb729'],0,False,3.2e-05,,8,16
17,2026-10-05T17:12:28.924281+00:00,9a5053015eb346df9fa9224907bddfe9,200,532.0,781.0,deepseek,516,16.0,1,['51570fc2-2b25-44ec-9ea2-8b59a1d73753'],0,False,3.5e-05,,32,16
18,2026-10-05T17:12:29.461609+00:00,721aa455f07440a3b82b4ab1d9d46d43,200,890.0,1313.0,deepseek,875,15.0,1,['d8a025bd-4746-41bd-aae7-40b6e8cc3d85'],0,False,8.9e-05,,8,64
19,2026-10-05T17:12:30.351333+00:00,e458e6b7d2dc487685eb6f3bdb9df39c,200,735.0,2203.0,deepseek,703,32.0,1,['ffb0bdb0-2a8b-4808-8b6a-b1e0eb59898a'],0,False,8.9e-05,,8,64
